Abella de la Conca,Pallars Jussà,186
Abrera,Baix Llobregat,10244
Àger,Noguera,491
Agramunt,Urgell,5459
Aguilar de Segarra,Bages,250
Agullana,Alt Empordà,756
Aiguafreda,Vallès Oriental,2373
Aiguamúrcia,Alt Camp,797
Aiguatèbia i Talau,Conflent,46
Aiguaviva,Gironès,594
Aitona,Segrià,2370
Alàs i Cerc,Alt Urgell,404
Albanyà,Alt Empordà,137
Albatàrrec,Segrià,1519
Albesa,Noguera,1587
Albinyana,Baix Penedès,2140
Albons,Baix Empordà,620
Alcanar,Montsià,9620
Alcanó,Segrià,253
Alcarràs,Segrià,5970
Alcoletge,Segrià,2239
Alcover,Alt Camp,4500
Aldover,Baix Ebre,893
Alella,Maresme,9013
Alenyà,Rosselló,2318
Alfara de Carles,Baix Ebre,341
Alfarràs,Segrià,3274
Alfés,Segrià,321
Alforja,Baix Camp,1584
Algerri,Noguera,467
Alguaire,Segrià,3088
Alins,Pallars Sobirà,251
Alió,Alt Camp,376
Almacelles,Segrià,6088
Almatret,Segrià,443
Almenar,Segrià,3576
Almoster,Baix Camp,1241
Alòs de Balaguer,Noguera,174
Alp,Cerdanya,1467
Alpens,Osona,307
Alpicat,Segrià,5362
Alt Àneu,Pallars Sobirà,457
Altafulla,Tarragonès,4274
Amer,Selva,2258
Amposta,Montsià,19142
Anglès,Selva,5211
Anglesola,Urgell,1303
Angostrina i Vilanova de les Escaldes,Cerdanya,1380
Arbeca,Garrigues,2512
Arboçols,Conflent,101
Arbolí,Baix Camp,105
Arbúcies,Selva,6232
Arenys de Mar,Maresme,14016
Arenys de Munt,Maresme,7721
Argelaguer,Garrotxa,418
Argelers,Rosselló,9869
Argençola,Anoia,209
Argentona,Maresme,11161
Arles,Vallespir,2700
Arnes,Terra Alta,510
Arres,Val d'Aran,61
Arsèguel,Alt Urgell,100
Artés,Bages,5072
Artesa de Lleida,Segrià,1451
Artesa de Segre,Noguera,3696
Ascó,Ribera d'Ebre,1602
Aspa,Segrià,269
Avià,Berguedà,2058
Avinyó,Bages,2122
Avinyonet de Puigventós,Alt Empordà,1241
Avinyonet del Penedès,Alt Penedès,1591
Badalona,Barcelonès,221520
Badia del Vallès,Vallès Occidental,14123
Bagà,Berguedà,2178
Bages de Rosselló,Rosselló,3328
Baix Pallars,Pallars Sobirà,381
Baixàs,Rosselló,2217
Balaguer,Noguera,15769
Balenyà,Osona,3479
Balsareny,Bages,3310
Banyeres del Penedès,Baix Penedès,2557
Banyoles,Pla de l'Estany,17309
Banyuls de la Marenda,Rosselló,4532
Banyuls dels Aspres,Rosselló,1007
Baó,Rosselló,2874
Barbens,Pla d'Urgell,828
Barberà de la Conca,Conca de Barberà,503
Barberà del Vallès,Vallès Occidental,28633
Barcelona,Barcelonès,1605602
Bàscara,Alt Empordà,900
Bassella,Alt Urgell,256
Batea,Terra Alta,2106
Bausen,Val d'Aran,52
Begues,Baix Llobregat,5699
Begur,Baix Empordà,4076
Belianes,Urgell,592
Bell-lloc d'Urgell,Pla d'Urgell,2326
Bellaguarda,Garrigues,352
Bellcaire d'Empordà,Baix Empordà,672
Bellcaire d'Urgell,Noguera,1295
Bellmunt d'Urgell,Noguera,225
Bellmunt del Priorat,Priorat,324
Bellprat,Anoia,99
Bellpuig,Urgell,4454
Bellvei,Baix Penedès,1748
Bellver de Cerdanya,Cerdanya,1906
Bellvís,Pla d'Urgell,2360
Benavent de Segrià,Segrià,1249
Benifallet,Baix Ebre,790
Benissanet,Ribera d'Ebre,1205
Berga,Berguedà,16457
Besalú,Garrotxa,2257
Bescanó,Gironès,3859
Beuda,Garrotxa,164
Bigues i Riells,Vallès Oriental,7564
Biosca,Segarra,228
Biure,Alt Empordà,236
Blancafort,Conca de Barberà,414
Blanes,Selva,37819
Boadella i les Escaules,Alt Empordà,230
Bolquera,Cerdanya,1613
Bolvir,Cerdanya,295
Bompàs,Rosselló,6944
Bonastre,Baix Penedès,534
Bordils,Gironès,1554
Borrassà,Alt Empordà,614
Borredà,Berguedà,530
Bossòst,Val d'Aran,1043
Bot,Terra Alta,736
Botarell,Baix Camp,963
Bovera,Garrigues,371
Bràfim,Alt Camp,650
Breda,Selva,3685
Brullà,Rosselló,918
Brunyola,Selva,362
Bula d'Amunt,Rosselló,56
Bulaternera,Rosselló,643
Cabacés,Priorat,342
Cabanabona,Noguera,115
Cabanelles,Alt Empordà,240
Cabanes,Alt Empordà,917
Cabestany,Rosselló,8230
Cabó,Alt Urgell,104
Cabra del Camp,Alt Camp,944
Cabrera d'Anoia,Anoia,1059
Cabrera de Mar,Maresme,4174
Cabrils,Maresme,6536
Cadaqués,Alt Empordà,2922
Calaf,Anoia,3352
Calafell,Baix Penedès,20521
Calce,Rosselló,214
Calders,Bages,833
Caldes d'Estrac,Maresme,2607
Caldes de Malavella,Selva,5674
Caldes de Montbui,Vallès Oriental,15941
Calella,Maresme,17673
Calldetenes,Osona,2214
Callús,Bages,1577
Calmella,Rosselló,57
Calonge,Baix Empordà,9458
Calonge de Segarra,Anoia,205
Camarasa,Noguera,931
Camarles,Baix Ebre,3371
Cambrils,Baix Camp,27848
Cameles,Rosselló,437
Camós,Pla de l'Estany,677
Campdevànol,Ripollès,3499
Campelles,Ripollès,106
Campins,Vallès Oriental,363
Campllong,Gironès,381
Campome,Conflent,106
Camprodon,Ripollès,2438
Canavelles,Conflent,58
Canejan,Val d'Aran,104
Canet d'Adri,Gironès,576
Canet de Mar,Maresme,12766
Canet de Rosselló,Rosselló,11351
Cànoes,Rosselló,4342
Canovelles,Vallès Oriental,15012
Cànoves i Samalús,Vallès Oriental,2490
Cantallops,Alt Empordà,287
Canyelles,Garraf,3440
Capafonts,Baix Camp,114
Capçanes,Priorat,408
Capellades,Anoia,5383
Capmany,Alt Empordà,494
Capolat,Berguedà,72
Cardedeu,Vallès Oriental,15561
Cardona,Bages,5226
Carme,Anoia,752
Casafabre,Rosselló,34
Caseres,Terra Alta,311
Cassà de la Selva,Gironès,8780
Casserres,Berguedà,1586
Castell de l'Areny,Berguedà,68
Castell de Mur,Pallars Jussà,163
Castell de Vernet,Conflent,130
Castell-Platja d'Aro,Baix Empordà,9768
Castellar de la Ribera,Solsonès,162
Castellar de n'Hug,Berguedà,198
Castellar del Riu,Berguedà,148
Castellar del Vallès,Vallès Occidental,21335
Castellbell i el Vilar,Bages,3369
Castellbisbal,Vallès Occidental,11272
Castellcir,Vallès Oriental,575
Castelldans,Garrigues,1004
Castelldefels,Baix Llobregat,58663
Castellet i la Gornal,Alt Penedès,1919
Castellfollit de la Roca,Garrotxa,993
Castellfollit de Riubregós,Anoia,201
Castellfollit del Boix,Bages,407
Castellgalí,Bages,1436
Castellnou de Bages,Bages,837
Castellnou de Seana,Pla d'Urgell,750
Castellnou dels Aspres,Rosselló,373
Castelló d'Empúries,Alt Empordà,10021
Castelló de Farfanya,Noguera,564
Castellolí,Anoia,460
Castellserà,Urgell,1128
Castellterçol,Vallès Oriental,2202
Castellvell del Camp,Baix Camp,2474
Castellví de la Marca,Alt Penedès,1603
Castellví de Rosanes,Baix Llobregat,1505
Catllà de Conflent,Conflent,687
Cauders de Conflent,Conflent,6
Cava (Alt Urgell),Alt Urgell,56
Celrà,Gironès,3783
Censà,Conflent,17
Centelles,Osona,6671
Cercs,Berguedà,1333
Cerdanyola del Vallès,Vallès Occidental,57959
Ceret,Vallespir,7568
Cervelló,Baix Llobregat,7674
Cervera,Segarra,9305
Cervera de la Marenda,Rosselló,1551
Cervià de les Garrigues,Garrigues,873
Cervià de Ter,Gironès,827
Cistella,Alt Empordà,232
Ciutadilla,Urgell,223
Clairà,Rosselló,2625
Clarà i Villerac,Conflent,226
Clariana de Cardener,Solsonès,146
Codalet,Conflent,387
Colera,Alt Empordà,601
Coll de Nargó,Alt Urgell,618
Collbató,Baix Llobregat,3576
Colldejou,Baix Camp,190
Collsuspina,Osona,316
Colomers,Baix Empordà,213
Conat,Conflent,45
Conca de Dalt,Pallars Jussà,428
Conesa,Conca de Barberà,141
Constantí,Tarragonès,5813
Copons,Anoia,289
Corbera d'Ebre,Terra Alta,1128
Corbera de les Cabanes,Rosselló,844
Corbera de Llobregat,Baix Llobregat,12805
Corbera del Castell,Rosselló,591
Corbins,Segrià,1347
Corçà,Baix Empordà,1261
Cornellà de Conflent,Conflent,451
Cornellà de la Ribera,Rosselló,1407
Cornellà de Llobregat,Baix Llobregat,84289
Cornellà del Bèrcol,Rosselló,1938
Cornellà del Terri,Pla de l'Estany,2079
Cornudella de Montsant,Priorat,979
Cortsaví,Vallespir,198
Costoja,Vallespir,134
Cotlliure,Rosselló,2944
Creixell,Tarragonès,2758
Crespià,Pla de l'Estany,242
"Cruïlles, Monells i Sant Sadurní de l'Heura",Baix Empordà,1271
Cubelles,Garraf,11835
Cubells,Noguera,401
Cunit,Baix Penedès,10033
Darnius,Alt Empordà,547
Das,Cerdanya,176
Deltebre,Baix Ebre,10811
Dorres,Cerdanya,219
Dosrius,Maresme,4469
Duesaigües,Baix Camp,211
Èguet,Cerdanya,494
Eina,Cerdanya,127
El Barcarès,Rosselló,4033
El Bruc,Anoia,1655
El Brull,Osona,219
El Catllar,Tarragonès,3519
El Cogul,Garrigues,211
El Far d'Empordà,Alt Empordà,483
El Lloar,Priorat,111
El Masnou,Maresme,21833
El Masroig,Priorat,538
El Milà,Alt Camp,180
El Molar,Priorat,302
El Montmell,Baix Penedès,1175
El Morell,Tarragonès,2704
El Palau d'Anglesola,Pla d'Urgell ,1883
El Papiol,Baix Llobregat,3733
El Perelló,Baix Ebre,2504
El Pertús,Vallespir,578
El Pinell de Brai,Terra Alta ,1112
El Pla de Santa Maria,Alt Camp ,2009
El Pla del Penedès,Alt Penedès ,931
El Poal,Pla d'Urgell,660
El Pont d'Armentera,Alt Camp ,580
El Pont de Bar,Alt Urgell ,193
El Pont de Suert,Alta Ribagorça ,2317
El Pont de Vilomara i Rocafort,Bages ,3310
El Port de la Selva,Alt Empordà ,908
El Prat de Llobregat,Baix Llobregat ,63069
El Rourell,Alt Camp,354
El Soler,Rosselló,6928
El Soleràs,Garrigues,382
El Tec,Vallespir,84
El Vendrell,Baix Penedès,31953
El Vilosell,Garrigues,202
El Voló,Rosselló,4858
Elna,Rosselló,6410
Els Alamús,Segrià,701
Els Angles,Capcir,590
Els Banys d'Arles,Vallespir,3644
Els Garidells,Alt Camp,196
Els Guiamets,Priorat,330
Els Hostalets de Pierola,Anoia,2003
Els Masos,Conflent,562
Els Omellons,Garrigues,252
Els Omells de na Gaia,Urgell ,159
Els Pallaresos,Tarragonès ,3346
Els Plans de Sió,Segarra,570
Els Prats de Rei,Anoia,532
Els Torms,Garrigues,189
Enveig,Cerdanya,621
Er,Cerdanya,551
Es Bòrdes,Val d'Aran,247
Escaró,Conflent,84
Esparreguera,Baix Llobregat,21145
Espinelves,Osona,199
Espirà de Conflent,Conflent,125
Espirà de l'Aglí,Rosselló,2850
Esplugues de Llobregat,Baix Llobregat,46808
Espolla,Alt Empordà,367
Esponellà,Pla de l'Estany,437
Espot,Pallars Sobirà,360
Estagell,Rosselló,1941
Estamariu,Alt Urgell,117
Estaràs,Segarra,184
Estavar,Cerdanya,409
Esterri d'Àneu,Pallars Sobirà,803
Esterri de Cardós,Pallars Sobirà,69
Estoer,Conflent,134
Eus,Conflent,375
Falset,Priorat,2717
Farrera,Pallars Sobirà,104
Figaró-Montmany,Vallès Oriental,1019
Fígols,Berguedà,42
Fígols i Alinyà,Alt Urgell,254
Figueres,Alt Empordà,39641
Figuerola del Camp,Alt Camp,336
Fillols,Conflent,141
Finestret,Conflent,135
Flaçà,Gironès,997
Flix,Ribera d'Ebre,3960
Fogars de la Selva,Selva,1338
Fogars de Montclús,Vallès Oriental,437
Foixà,Baix Empordà,325
Folgueroles,Osona,1983
Fondarella,Pla d'Urgell,783
Fonollosa,Bages,1280
Font-rabiosa,Capcir,91
"Font-romeu, Odelló i Vià",Cerdanya,2003
Font-rubí,Alt Penedès,1394
Fontanals de Cerdanya,Cerdanya,425
Fontanilles,Baix Empordà,175
Fontcoberta,Pla de l'Estany,1181
Fontpedrosa,Conflent,123
Foradada,Noguera,197
Forallac,Baix Empordà,1746
Forès,Conca de Barberà,57
Formiguera,Capcir,435
Fornells de la Selva,Gironès,1890
Forques,Rosselló,416
Fortià,Alt Empordà,582
Freginals,Montsià,444
Fullà,Conflent,329
Fulleda,Garrigues,115
Gaià,Bages,154
Gallifa,Vallès Occidental,216
Gandesa,Terra Alta,3091
Garcia,Ribera d'Ebre,534
Garrigàs,Alt Empordà,346
Garrigoles,Baix Empordà,155
Garriguella,Alt Empordà,731
Gavà,Baix Llobregat,44531
Gavet de la Conca,Pallars Jussà,309
Gelida,Alt Penedès,5976
Ger,Cerdanya,450
Gimenells i el Pla de la Font,Segrià,1118
Ginestar,Ribera d'Ebre,965
Girona,Gironès,89890
Gironella,Berguedà,4786
Gisclareny,Berguedà,33
Glorianes,Conflent,23
Godall,Montsià,771
Golmés,Pla d'Urgell,1560
Gombrèn,Ripollès,222
Gósol,Berguedà,221
Granera,Vallès Oriental,75
Granollers,Vallès Oriental,58940
Granyanella,Segarra,172
Granyena de les Garrigues,Garrigues,176
Granyena de Segarra,Segarra,149
Gratallops,Priorat,246
Gualba,Vallès Oriental,1048
Gualta,Baix Empordà,358
Guardiola de Berguedà,Berguedà,931
Guils de Cerdanya,Cerdanya,438
Guimerà,Urgell,344
Guissona,Segarra,5139
Guixers,Solsonès,137
Gurb,Osona,2296
Horta de Sant Joan,Terra Alta,1238
Hortafà,Rosselló,1093
Hostalric,Selva,3619
Igualada,Anoia,36817
Illa,Rosselló,4993
Isona i Conca Dellà,Pallars Jussà,1139
Isòvol,Cerdanya,265
Ivars d'Urgell,Pla d'Urgell,1858
Ivars de Noguera,Noguera,357
Ivorra,Segarra,144
Jafre,Baix Empordà,386
Jóc,Conflent,146
Jorba,Anoia,714
Josa i Tuixén,Alt Urgell,176
Juià,Gironès,318
Jújols,Conflent,43
Juncosa,Garrigues,546
Juneda,Garrigues,3264
L'Albagés,Garrigues,492
L'Albera,Vallespir,77
L'Albi,Garrigues,811
L'Albiol,Baix Camp,348
L'Aldea,Baix Ebre,3795
L'Aleixar,Baix Camp,815
L'Ametlla de Mar,Baix Ebre,6744
L'Ametlla del Vallès,Vallès Oriental,7517
L'Ampolla,Baix Ebre,2613
L'Arboç,Baix Penedès,4802
L'Argentera,Baix Camp,155
L'Armentera,Alt Empordà,770
L'Escala,Alt Empordà,8795
L'Espluga Calba,Garrigues,452
L'Espluga de Francolí,Conca de Barberà,3857
L'Espunyola,Berguedà,272
L'Estany,Bages,383
L'Hospitalet de Llobregat,Barcelonès,248150
La Baronia de Rialb,Noguera,281
La Bastida,Rosselló,95
La Bisbal d'Empordà,Baix Empordà,9261
La Bisbal de Falset,Priorat,266
La Bisbal del Penedès,Baix Penedès,2815
La Cabanassa,Cerdanya,622
La Cellera de Ter,Selva,2096
La Coma i la Pedra,Solsonès,253
La Fatarella,Terra Alta,1160
La Febró,Baix Camp,58
La Figuera,Priorat,165
La Floresta,Garrigues,185
La Fuliola,Urgell,1235
La Galera,Montsià,824
La Garriga,Vallès Oriental,13942
La Granada,Alt Penedès,1754
La Granadella,Garrigues,774
La Granja d'Escarp,Segrià,1042
La Guingueta d'Àneu,Pallars Sobirà,360
La Guingueta d'Ix,Cerdanya,1116
La Jonquera,Alt Empordà,3020
La Llacuna,Anoia,860
La Llagosta,Vallès Oriental,13674
La Llaguna,Capcir,285
La Masó,Alt Camp,280
La Menera,Vallespir,60
La Molsosa,Solsonès,127
La Morera de Montsant,Priorat ,165
La Nou de Berguedà,Berguedà ,162
La Nou de Gaià,Tarragonès ,449
La Palma d'Ebre,Ribera d'Ebre ,398
La Palma de Cervelló,Baix Llobregat ,2988
La Pera,Baix Empordà,436
La Pobla de Cérvoles,Garrigues ,250
La Pobla de Claramunt,Anoia ,2112
La Pobla de Lillet,Berguedà ,1327
La Pobla de Mafumet,Tarragonès ,1465
La Pobla de Massaluca,Terra Alta ,407
La Pobla de Montornès,Tarragonès ,2339
La Pobla de Segur,Pallars Jussà ,3050
La Portella,Segrià,796
La Quar,Berguedà,61
La Riba,Alt Camp,682
La Riera de Gaià,Tarragonès ,1332
La Roca d'Albera,Rosselló,1941
La Roca del Vallès,Vallès Oriental ,9418
La Secuita,Tarragonès,1269
La Selva de Mar,Alt Empordà ,223
La Selva del Camp,Baix Camp ,4983
La Sénia,Montsià,5976
La Sentiu de Sió,Noguera,478
La Seu d'Urgell,Alt Urgell ,12533
La Tallada d'Empordà,Baix Empordà ,367
La Tor de Querol,Cerdanya,367
La Torre d'Elna,Rosselló,1926
La Torre de Cabdella,Pallars Jussà ,722
La Torre de Claramunt,Anoia ,3298
La Torre de Fontaubella,Priorat ,134
La Torre de l'Espanyol,Ribera d'Ebre ,714
La Vajol,Alt Empordà,101
La Vall d'en Bas,Garrotxa ,2650
La Vall de Bianya,Garrotxa ,1256
La Vall de Boí,Alta Ribagorça ,1079
La Vansa i Fórnols,Alt Urgell ,196
La Vilella Alta,Priorat,121
La Vilella Baixa,Priorat,198
Les,Val d'Aran,903
Les Avellanes i Santa Linya,Noguera,469
Les Borges Blanques,Garrigues,5606
Les Borges del Camp,Baix Camp,1914
Les Cabanyes,Alt Penedès,791
Les Cases de Pena,Rosselló,576
Les Cluses,Vallespir,219
Les Franqueses del Vallès,Vallès Oriental,15817
Les Llosses,Ripollès,246
Les Masies de Roda,Osona,742
Les Masies de Voltregà,Osona,3125
Les Oluges,Segarra,174
Les Piles,Conca de Barberà ,196
Les Planes d'Hostoles,Garrotxa ,1798
Les Preses,Garrotxa,1692
Les Valls d'Aguilar,Alt Urgell ,314
Les Valls de Valira,Alt Urgell ,744
Linyola,Pla d'Urgell,2583
Lladó,Alt Empordà,591
Lladorre,Pallars Sobirà,211
Lladurs,Solsonès,207
Llagostera,Gironès,7062
Llambilles,Gironès,612
Llanars,Ripollès,558
Llançà,Alt Empordà,4611
Llardecans,Segrià,562
Llauró,Rosselló,270
Llavorsí,Pallars Sobirà,334
Lleida,Segrià,125677
Llers,Alt Empordà,1167
Lles de Cerdanya,Cerdanya,227
Lliçà d'Amunt,Vallès Oriental,12938
Lliçà de Vall,Vallès Oriental,6033
Llimiana,Pallars Jussà,158
Llinars del Vallès,Vallès Oriental,8425
Llívia,Cerdanya,1291
Llo,Cerdanya,133
Llobera,Solsonès,222
Llorac,Conca de Barberà,116
Llorenç del Penedès,Baix Penedès,2073
Lloret de Mar,Selva,32728
Lluçà,Osona,253
Llupià,Rosselló,1797
Maçanet de Cabrenys,Alt Empordà,700
Maçanet de la Selva,Selva,5712
Madremanya,Gironès,222
Maià de Montcal,Garrotxa,379
Maials,Segrià,973
Maldà,Urgell,285
Malgrat de Mar,Maresme,19923
Malla,Osona,257
Manlleu,Osona,19979
Manresa,Bages,71772
Marçà,Priorat,653
Margalef,Priorat,128
Marganell,Bages,288
Marquixanes,Conflent,397
Martorell,Baix Llobregat,26170
Martorelles,Vallès Oriental,4938
Mas de Barberans,Montsià,679
Masarac,Alt Empordà,265
Masdenverge,Montsià,1077
Masllorenç,Baix Penedès,500
Maspujols,Baix Camp,529
Masquefa,Anoia,7414
Massalcoreig,Segrià,635
Massanes,Selva,660
Massoteres,Segarra,225
Matadepera,Vallès Occidental,8169
Matamala,Capcir,290
Mataró,Maresme,118748
Mediona,Alt Penedès,2083
Menàrguens,Noguera,863
Mentet,Conflent,17
Meranges,Cerdanya,86
Mieres,Garrotxa,331
Millars,Rosselló,3731
Miralcamp,Pla d'Urgell,1310
Miravet,Ribera d'Ebre,796
Moià,Bages,5399
Molig,Conflent,207
Molins de Rei,Baix Llobregat,23374
Mollerussa,Pla d'Urgell,12569
Mollet de Peralada,Alt Empordà,172
Mollet del Vallès,Vallès Oriental,51713
Molló,Ripollès,329
Monistrol de Calders,Bages,691
Monistrol de Montserrat,Bages,2840
Mont-ral,Alt Camp,179
Mont-ras,Baix Empordà,1841
Mont-roig del Camp,Baix Camp,9456
Montagut i Oix,Garrotxa,903
Montblanc,Conca de Barberà,6767
Montboló,Vallespir,195
Montbrió del Camp,Baix Camp,1774
Montcada i Reixac,Vallès Occidental,32153
Montclar,Berguedà,116
Montellà i Martinet,Cerdanya,606
Montescot,Rosselló,1551
Montesquiu,Osona,875
Montesquiu d'Albera,Rosselló,1045
Montferrer,Vallespir,202
Montferrer i Castellbò,Alt Urgell,944
Montferri,Alt Camp,258
Montgai,Noguera,772
Montgat,Maresme,9427
Montlluís,Cerdanya,270
Montmajor,Berguedà,463
Montmaneu,Anoia,201
Montmeló,Vallès Oriental,8921
Montner,Rosselló,290
Montoliu de Lleida,Segrià,498
Montoliu de Segarra,Segarra,186
Montoriol,Rosselló,202
Montornès de Segarra,Segarra,105
Montornès del Vallès,Vallès Oriental,14516
Montseny,Vallès Oriental,299
Móra d'Ebre,Ribera d'Ebre ,5098
Móra la Nova,Ribera d'Ebre ,3216
Morellàs i les Illes,Vallespir,2546
Mosset,Conflent,293
Muntanyola,Osona,464
Mura,Bages,233
Nalec,Urgell,102
Naüja,Cerdanya,63
Naut Aran,Val d'Aran,1732
Navarcles,Bages,5723
Navàs,Bages,5810
Navata,Alt Empordà,980
Navès,Solsonès,262
Nefiac,Rosselló,943
Noedes,Conflent,62
Nulles,Alt Camp,382
Nyer,Conflent,108
Oceja,Cerdanya,1282
Odèn,Solsonès,275
Òdena,Anoia,3100
Ogassa,Ripollès,265
Olèrdola,Alt Penedès,3084
Olesa de Bonesvalls,Alt Penedès ,1506
Olesa de Montserrat,Baix Llobregat ,21714
Oleta i Èvol,Conflent,345
Oliana,Alt Urgell,1939
Oliola,Noguera,246
Olius,Solsonès,686
Olivella,Garraf,2515
Olost,Osona,1187
Olot,Garrotxa,31932
Olvan,Berguedà,922
Oms,Rosselló,268
Òpol i Perellós,Rosselló,726
Orbanyà,Conflent,28
Ordis,Alt Empordà,353
Orellà,Conflent,15
Organyà,Alt Urgell,961
Orís,Osona,284
Oristà,Osona,593
Orpí,Anoia,190
Òrrius,Maresme,295
Os de Balaguer,Noguera,924
Osor,Selva,390
Ossó de Sió,Urgell,236
Paçà,Rosselló,569
Pacs del Penedès,Alt Penedès ,787
Palafolls,Maresme,7583
Palafrugell,Baix Empordà,21307
Palamós,Baix Empordà,17197
Palau de Cerdanya,Cerdanya,424
Palau de Santa Eulàlia,Alt Empordà ,91
Palau del Vidre,Rosselló,2117
Palau-sator,Baix Empordà,280
Palau-saverdera,Alt Empordà ,1197
Palau-solità i Plegamans,Vallès Occidental ,13310
Pallejà,Baix Llobregat,10535
Palol de Revardit,Pla de l'Estany ,429
Pals,Baix Empordà,2400
Pardines,Ripollès,149
Parets del Vallès,Vallès Oriental ,16413
Paretstortes,Rosselló,1403
Parlavà,Baix Empordà,352
Passanant i Belltall,Conca de Barberà ,174
Pau,Alt Empordà,501
Paüls,Baix Ebre,602
Pedret i Marzà,Alt Empordà ,154
Penelles,Noguera,525
Perafita,Osona,379
Perafort,Tarragonès,901
Peralada,Alt Empordà,1625
Peramola,Alt Urgell,377
Perpinyà,Rosselló,116700
Pesillà de la Ribera,Rosselló,2957
Pi de Conflent,Conflent,107
Pià,Rosselló,5120
Piera,Anoia,12951
Pineda de Mar,Maresme,25504
Pinell de Solsonès,Solsonès ,204
Pinós,Solsonès,322
Pira,Conca de Barberà,475
Planès,Cerdanya,27
Planoles,Ripollès,281
Poboleda,Priorat,353
Polinyà,Vallès Occidental ,6764
Pollestres,Rosselló,3884
Pont de Molins,Alt Empordà ,419
Pontellà,Rosselló,1827
Pontils,Conca de Barberà,139
Pontons,Alt Penedès,498
Pontós,Alt Empordà,217
Ponts,Noguera,2567
Porqueres,Pla de l'Estany ,4154
Porrera,Priorat,488
Porta,Cerdanya,98
Portbou,Alt Empordà,1347
Portè i Pimorent,Cerdanya,147
Portvendres,Rosselló,4579
Prada,Conflent,5800
Pradell de la Teixeta,Priorat ,178
Prades,Baix Camp,622
Prat de Comte,Terra Alta,196
Pratdip,Baix Camp,715
Prats de Lluçanès,Osona,2753
Prats de Molló i la Presta,Vallespir,1141
Prats i Sansor,Cerdanya,226
Preixana,Urgell,422
Preixens,Noguera,514
Premià de Dalt,Maresme,9890
Premià de Mar,Maresme,27860
Prullans,Cerdanya,224
Prunet i Bellpuig,Rosselló,68
Puig-reig,Berguedà,4202
Puigbalador,Capcir,93
Puigcerdà,Cerdanya,8859
Puigdàlber,Alt Penedès,377
Puiggròs,Garrigues,298
Puigpelat,Alt Camp,829
Puigverd d'Agramunt,Urgell ,268
Puigverd de Lleida,Segrià ,1259
Pujalt,Anoia,203
Quart,Gironès,2637
Queixàs,Rosselló,101
Queralbs,Ripollès,198
Querol,Alt Camp,416
Rabós,Alt Empordà,194
Rajadell,Bages,467
Ralleu,Conflent,16
Rasquera,Ribera d'Ebre,934
Real,Capcir,31
Regencós,Baix Empordà,304
Reiners,Vallespir,1258
Rellinars,Vallès Occidental ,653
Renau,Tarragonès,93
Reus,Baix Camp,101767
Rià i Cirac,Conflent,1126
Rialp,Pallars Sobirà,649
Riba-roja d'Ebre,Ribera d'Ebre ,1353
Ribera d'Ondara,Segarra,476
Ribera d'Urgellet,Alt Urgell ,971
Ribes de Freser,Ripollès,2017
Ribesaltes,Rosselló,8496
Riells i Viabrea,Selva,3238
Rigardà,Conflent,219
Riner,Solsonès,274
Ripoll,Ripollès,10832
Ripollet,Vallès Occidental ,35427
Riu de Cerdanya,Cerdanya,94
Riudarenes,Selva,1761
Riudaura,Garrotxa,417
Riudecanyes,Baix Camp,878
Riudecols,Baix Camp,1133
Riudellots de la Selva,Selva ,1849
Riudoms,Baix Camp,5925
Riumors,Alt Empordà,172
Rocafort de Queralt,Conca de Barberà ,264
Roda de Barà,Tarragonès,5196
Roda de Ter,Osona,5535
Rodès,Conflent,509
Rodonyà,Alt Camp,474
Roquetes,Baix Ebre,7444
Roses,Alt Empordà,17173
Rosselló,Segrià,2478
Rubí,Vallès Occidental,70006
Rubió,Anoia,146
Rupià,Baix Empordà,213
Rupit i Pruit,Osona,339
Sabadell,Vallès Occidental ,200545
Sagàs,Berguedà,143
Salàs de Pallars,Pallars Jussà ,330
Saldes,Berguedà,326
Salelles,Rosselló,4320
Sales de Llierca,Garrotxa ,128
Sallagosa,Cerdanya,820
Sallent,Bages,7146
Salomó,Tarragonès,439
Salou,Tarragonès,22162
Salses,Rosselló,2750
Salt,Gironès,28017
Sanaüja,Segarra,448
Sant Adrià de Besòs,Barcelonès ,32585
Sant Agustí de Lluçanès,Osona ,107
Sant Andreu de la Barca,Baix Llobregat ,25383
Sant Andreu de Llavaneres,Maresme ,9463
Sant Andreu de Sureda,Rosselló,2674
Sant Andreu Salou,Gironès ,156
Sant Aniol de Finestres,Garrotxa ,289
Sant Antoni de Vilamajor,Vallès Oriental ,4877
Sant Bartomeu del Grau,Osona ,1001
Sant Boi de Llobregat,Baix Llobregat ,81368
Sant Boi de Lluçanès,Osona ,575
Sant Carles de la Ràpita,Montsià ,13488
Sant Cebrià de Rosselló,Rosselló,8573
Sant Cebrià de Vallalta,Maresme ,2873
Sant Celoni,Vallès Oriental ,16056
Sant Climent de Llobregat,Baix Llobregat ,3516
Sant Climent Sescebes,Alt Empordà ,482
Sant Cugat del Vallès,Vallès Occidental ,73774
Sant Cugat Sesgarrigues,Alt Penedès ,890
Sant Esteve de la Sarga,Pallars Jussà ,155
Sant Esteve de Palautordera,Vallès Oriental ,2079
Sant Esteve del Monestir,Rosselló,11066
Sant Esteve Sesrovires,Baix Llobregat ,6590
Sant Feliu d'Amunt,Rosselló,654
Sant Feliu d'Avall,Rosselló,2160
Sant Feliu de Buixalleu,Selva ,756
Sant Feliu de Codines,Vallès Oriental ,5412
Sant Feliu de Guíxols,Baix Empordà ,20867
Sant Feliu de Llobregat,Baix Llobregat ,42486
Sant Feliu de Pallerols,Garrotxa ,1272
Sant Feliu Sasserra,Bages ,622
Sant Ferriol,Garrotxa,194
Sant Fost de Campsentelles,Vallès Oriental ,7409
Sant Fruitós de Bages,Bages ,7199
Sant Genís de Fontanes,Rosselló,2419
Sant Gregori,Gironès,2951
Sant Guim de Freixenet,Segarra ,1057
Sant Guim de la Plana,Segarra ,199
Sant Hilari Sacalm,Selva,5385
Sant Hipòlit de la Salanca,Rosselló,1849
Sant Hipòlit de Voltregà,Osona ,3319
Sant Iscle de Vallalta,Maresme ,1166
Sant Jaume d'Enveja,Montsià ,3368
Sant Jaume de Frontanyà,Berguedà ,32
Sant Jaume de Llierca,Garrotxa ,815
Sant Jaume dels Domenys,Baix Penedès ,1998
Sant Joan de les Abadesses,Ripollès ,3565
Sant Joan de Mollet,Gironès ,487
Sant Joan de Pladecorts,Vallespir,1775
Sant Joan de Vilatorrada,Bages ,10362
Sant Joan Despí,Baix Llobregat ,31485
Sant Joan la Cella,Rosselló,595
Sant Joan les Fonts,Garrotxa ,2652
Sant Jordi Desvalls,Gironès ,632
Sant Julià de Cerdanyola,Berguedà ,259
Sant Julià de Ramis,Gironès ,2656
Sant Julià de Vilatorta,Osona ,2809
Sant Julià del Llor i Bonmatí,Selva ,1093
Sant Just Desvern,Baix Llobregat ,15327
Sant Llorenç d'Hortons,Alt Penedès ,2126
Sant Llorenç de Cerdans,Vallespir,1267
Sant Llorenç de la Muga,Alt Empordà ,196
Sant Llorenç de la Salanca,Rosselló,8224
Sant Llorenç de Morunys,Solsonès ,950
Sant Llorenç Savall,Vallès Occidental ,2271
Sant Marçal,Rosselló,85
Sant Martí d'Albars,Osona ,114
Sant Martí de Centelles,Osona ,907
Sant Martí de Llémena,Gironès ,520
Sant Martí de Riucorb,Urgell ,709
Sant Martí de Tous,Anoia,1101
Sant Martí Sarroca,Alt Penedès ,2849
Sant Martí Sesgueioles,Anoia ,361
Sant Martí Vell,Gironès,209
Sant Mateu de Bages,Bages ,661
Sant Miquel de Campmajor,Pla de l'Estany ,218
Sant Miquel de Fluvià,Alt Empordà ,671
Sant Miquel de Llotes,Rosselló,269
Sant Mori,Alt Empordà,164
Sant Nazari de Rosselló,Rosselló,2319
Sant Pau de Segúries,Ripollès ,666
Sant Pere de Ribes,Garraf ,26859
Sant Pere de Riudebitlles,Alt Penedès ,2246
Sant Pere de Torelló,Osona ,2264
Sant Pere de Vilamajor,Vallès Oriental ,3578
Sant Pere dels Forcats,Cerdanya,213
Sant Pere Pescador,Alt Empordà ,1804
Sant Pere Sallavinera,Anoia ,171
Sant Pol de Mar,Maresme,4773
Sant Quintí de Mediona,Alt Penedès ,2039
Sant Quirze de Besora,Osona ,2069
Sant Quirze del Vallès,Vallès Occidental ,17138
Sant Quirze Safaja,Vallès Oriental ,579
Sant Ramon,Segarra,565
Sant Sadurní d'Anoia,Alt Penedès ,11617
Sant Sadurní d'Osormort,Osona ,89
Sant Salvador de Guardiola,Bages ,2863
Sant Vicenç de Castellet,Bages ,7835
Sant Vicenç de Montalt,Maresme ,5127
Sant Vicenç de Torelló,Osona ,1911
Sant Vicenç dels Horts,Baix Llobregat ,27019
Santa Bàrbara,Montsià,3715
Santa Cecília de Voltregà,Osona ,199
Santa Coloma de Cervelló,Baix Llobregat ,7314
Santa Coloma de Farners,Selva ,10565
Santa Coloma de Gramenet,Barcelonès ,119056
Santa Coloma de Queralt,Conca de Barberà ,3035
Santa Coloma de Tuïr,Rosselló,101
Santa Cristina d'Aro,Baix Empordà ,4214
Santa Eugènia de Berga,Osona ,2178
Santa Eulàlia de Riuprimer,Osona ,926
Santa Eulàlia de Ronçana,Vallès Oriental ,6111
Santa Fe del Penedès,Alt Penedès ,350
Santa Llocaia,Cerdanya,140
Santa Llogaia d'Àlguema,Alt Empordà ,313
Santa Margarida de Montbui,Anoia ,9715
Santa Margarida i els Monjos,Alt Penedès ,6221
Santa Maria d'Oló,Bages,1072
Santa Maria de Besora,Osona ,187
Santa Maria de Corcó,Osona ,2239
Santa Maria de Martorelles,Vallès Oriental ,788
Santa Maria de Merlès,Berguedà ,152
Santa Maria de Miralles,Anoia ,128
Santa Maria de Palautordera,Vallès Oriental ,8099
Santa Maria la Mar,Rosselló,3842
Santa Oliva,Baix Penedès,2907
Santa Pau,Garrotxa,1565
Santa Perpètua de Mogoda,Vallès Occidental ,21644
Santa Susanna,Maresme,2939
Santpedor,Bages,6263
Saorra,Conflent,347
Sarral,Conca de Barberà,1596
Sarrià de Ter,Gironès,4065
Sarroca de Bellera,Pallars Jussà ,142
Sarroca de Lleida,Segrià,446
"Saus, Camallera i Llampaies",Alt Empordà ,737
Sautó,Conflent,107
Savallà del Comtat,Conca de Barberà ,72
Senan,Conca de Barberà,46
Senterada,Pallars Jussà,126
Sentmenat,Vallès Occidental ,7209
Serdinyà,Conflent,233
Serinyà,Pla de l'Estany,1045
Seròs,Segrià,1909
Serra de Daró,Baix Empordà ,184
Serrallonga,Vallespir,262
Setcases,Ripollès,181
Seva,Osona,3099
Sidamon,Pla d'Urgell,688
Sils,Selva,4126
Sitges,Garraf,25642
Siurana,Alt Empordà,181
Soanyes,Conflent,27
Sobremunt,Osona,102
Solivella,Conca de Barberà ,630
Solsona,Solsonès,8823
Sora,Osona,193
Soriguera,Pallars Sobirà,337
Sort,Pallars Sobirà,2238
Soses,Segrià,1643
Subirats,Alt Penedès,2943
Sudanell,Segrià,805
Sunyer,Segrià,283
Sureda,Rosselló,2926
Súria,Bages,6290
Susqueda,Selva,112
Tagamanent,Vallès Oriental ,282
Talamanca,Bages,134
Talarn,Pallars Jussà,339
Talavera,Segarra,303
Talteüll,Rosselló,903
Taradell,Osona,5764
Tarerac,Conflent,38
Targasona,Cerdanya,203
Tarragona,Tarragonès,131158
Tàrrega,Urgell,15155
Tarrés,Garrigues,111
Tarroja de Segarra,Segarra ,175
Taurinyà,Conflent,307
Tavèrnoles,Osona,300
Tavertet,Osona,155
Teià,Maresme,5867
Tellet,Rosselló,81
Térmens,Noguera,1531
Terrades,Alt Empordà,146
Terrassa,Vallès Occidental ,199817
Terrats,Rosselló,575
Tesà,Rosselló,1360
Teulís,Rosselló,45
Tiana,Maresme,7305
Tírvia,Pallars Sobirà,120
Tiurana,Noguera,48
Tivenys,Baix Ebre,916
Tivissa,Ribera d'Ebre,1788
Toès i Entrevalls,Conflent,41
Toluges,Rosselló,5743
Tona,Osona,7328
Torà,Segarra,1327
Tordera,Maresme,13420
Torderes,Rosselló,145
Torelló,Osona,13269
Tornabous,Urgell,823
Torre-serona,Segrià,341
Torrebesses,Segrià,305
Torredembarra,Tarragonès,14044
Torrefarrera,Segrià,3051
Torrefeta i Florejacs,Segarra ,650
Torregrossa,Pla d'Urgell,2302
Torrelameu,Noguera,628
Torrelavit,Alt Penedès,1232
Torrelles de Foix,Alt Penedès ,2252
Torrelles de la Salanca,Rosselló,2956
Torrelles de Llobregat,Baix Llobregat ,4861
Torrent,Baix Empordà ,190
Torres de Segre,Segrià,2054
Torroella de Fluvià,Alt Empordà ,460
Torroella de Montgrí,Baix Empordà ,10588
Torroja del Priorat,Priorat ,142
Tortellà,Garrotxa,729
Tortosa,Baix Ebre,34266
Toses,Ripollès,160
Tossa de Mar,Selva,5414
Tremp,Pallars Jussà,5401
Tresserra,Rosselló,686
Trullars,Rosselló,1424
Tuïr,Rosselló,7427
Ullà,Baix Empordà,1039
Ullastrell,Vallès Occidental ,1529
Ullastret,Baix Empordà,233
Ulldecona,Montsià,6229
Ulldemolins,Priorat,508
Ultramort,Baix Empordà,200
Ur,Cerdanya,308
Urús,Cerdanya,200
Vacarisses,Vallès Occidental ,5094
Vall de Cardós,Pallars Sobirà ,393
Vall-llobrega,Baix Empordà ,730
Vallbona d'Anoia,Anoia,1311
Vallbona de les Monges,Urgell ,247
Vallcebollera,Cerdanya,49
Vallcebre,Berguedà,276
Vallclara,Conca de Barberà ,108
Vallestàvia,Conflent,58
Vallfogona de Balaguer,Noguera ,1601
Vallfogona de Ripollès,Ripollès ,206
Vallfogona de Riucorb,Conca de Barberà ,159
Vallgorguina,Vallès Oriental ,2016
Vallirana,Baix Llobregat,12928
Vallmanya,Conflent,18
Vallmoll,Alt Camp,1469
Vallromanes,Vallès Oriental ,2094
Valls,Alt Camp,23315
Vandellòs i l'Hospitalet de l'Infant ,Baix Camp,5134
Veciana,Anoia,167
Ventalló,Alt Empordà,698
Verdú,Urgell,1027
Verges,Baix Empordà,1179
Vernet,Conflent,1440
Vespella de Gaià,Tarragonès ,339
Vic,Osona,38747
Vidrà,Osona,168
Vidreres,Selva,6676
Vielha e Mijaran,Val d'Aran ,5239
Vila-rodona,Alt Camp,1088
Vila-sacra,Alt Empordà,485
Vila-sana,Pla d'Urgell,611
Vila-seca,Tarragonès,17305
Vilabella,Alt Camp,787
Vilabertran,Alt Empordà,843
Vilablareix,Gironès,2213
Vilada,Berguedà,516
Viladamat,Alt Empordà,421
Viladasens,Gironès,191
Viladecans,Baix Llobregat ,61168
Viladecavalls,Vallès Occidental ,7036
Vilademuls,Pla de l'Estany ,786
Viladrau,Osona,999
Vilafant,Alt Empordà,5013
Vilafranca de Conflent,Conflent,225
Vilafranca del Penedès,Alt Penedès ,36687
Vilagrassa,Urgell,467
Vilajuïga,Alt Empordà,1072
Vilalba dels Arcs,Terra Alta ,720
Vilalba Sasserra,Vallès Oriental ,581
Vilaller,Alta Ribagorça,678
Vilallonga de la Salanca,Rosselló,2461
Vilallonga de Ter,Ripollès ,448
Vilallonga del Camp,Tarragonès ,1539
Vilallonga dels Monts,Rosselló,1230
Vilamacolum,Alt Empordà,280
Vilamalla,Alt Empordà,1092
Vilamaniscle,Alt Empordà,182
Vilamòs,Val d'Aran,173
Vilamulaca,Rosselló,1124
Vilanant,Alt Empordà,333
Vilanova d'Escornalbou,Baix Camp ,466
Vilanova de Bellpuig,Pla d'Urgell ,1100
Vilanova de l'Aguda,Noguera ,246
Vilanova de la Barca,Segrià ,1122
Vilanova de la Ribera,Rosselló,1052
Vilanova de Meià,Noguera,432
Vilanova de Prades,Conca de Barberà ,149
Vilanova de Raó,Rosselló,3767
Vilanova de Sau,Osona,323
Vilanova de Segrià,Segrià ,809
Vilanova del Camí,Anoia,12039
Vilanova del Vallès,Vallès Oriental ,3774
Vilanova i la Geltrú,Garraf ,62826
Vilaplana,Baix Camp,584
Vilassar de Dalt,Maresme,8334
Vilassar de Mar,Maresme,19051
Vilaür,Alt Empordà,139
Vilaverd,Conca de Barberà ,438
Vilobí d'Onyar,Selva,2718
Vilobí del Penedès,Alt Penedès ,1033
Vilopriu,Baix Empordà,189
Vimbodí i Poblet,Conca de Barberà ,1052
Vinaixa,Garrigues,604
Vinçà,Conflent,1666
Vinebre,Ribera d'Ebre,483
Vingrau,Rosselló,530
Vinyols i els Arcs,Baix Camp ,1553
Viver i Serrateix,Berguedà ,194
Vivers,Rosselló,128
Xerta,Baix Ebre,1278